"Reference","Qty","Value","DNP","Exclude from BOM","Exclude from Board","Footprint","Datasheet"
"C1","1","12.2nF","","","","Capacitor_THT:C_Disc_D6.0mm_W2.5mm_P5.00mm","~"
"C2","1","10nF","","","","Capacitor_THT:C_Disc_D6.0mm_W2.5mm_P5.00mm","~"
"C3","1","6.8nF","","","","Capacitor_THT:C_Disc_D6.0mm_W2.5mm_P5.00mm","~"
"C4","1","1.22nF","","","","Capacitor_THT:C_Disc_D6.0mm_W2.5mm_P5.00mm","~"
"C5,C6,C7,C8","4","1.5nF","","","","Capacitor_THT:C_Disc_D6.0mm_W2.5mm_P5.00mm","~"
"C9,C17,C18","3","680pF","","","","Capacitor_THT:C_Disc_D6.0mm_W2.5mm_P5.00mm","~"
"C10,C11","2","2nF","","","","Capacitor_THT:C_Disc_D6.0mm_W2.5mm_P5.00mm","~"
"C12,C15,C16","3","180pF","","","","Capacitor_THT:C_Disc_D6.0mm_W2.5mm_P5.00mm","~"
"C13,C14","2","1nF","","","","Capacitor_THT:C_Disc_D6.0mm_W2.5mm_P5.00mm","~"
"C19","1","120pF","","","","Capacitor_THT:C_Disc_D6.0mm_W2.5mm_P5.00mm","~"
"C20,C21","2","270pF","","","","Capacitor_THT:C_Disc_D6.0mm_W2.5mm_P5.00mm","~"
"C22,C24,C25,C29","4","100nF","","","","Capacitor_THT:C_Rect_L7.0mm_W2.5mm_P5.00mm","~"
"C23","1","10uF16V","","","","Capacitor_THT:CP_Radial_D4.0mm_P2.00mm","~"
"C26","1","100uF 25V","","","","Capacitor_THT:CP_Radial_D7.5mm_P2.50mm","~"
"C27,C28","2","100uF25V","","","","Capacitor_THT:CP_Radial_D7.5mm_P2.50mm","~"
"D1,D2,D3,D4,D5,D6,D7,D8,D9,D10,D11,D12,D13","13","1N4148","","","","Diode_THT:D_DO-35_SOD27_P7.62mm_Horizontal","https://assets.nexperia.com/documents/data-sheet/1N4148_1N4448.pdf"
"H1,H2,H3,H4","4","MountingHole_Pad","","Escluso dalla DIBA","","MountingHole:MountingHole_3.2mm_M3_DIN965_Pad","~"
"J1","1","RF OUT","","","","Connector_Coaxial:SMA_Amphenol_901-144_Vertical","~"
"J2","1","RF IN","","","","Connector_Coaxial:SMA_Amphenol_901-144_Vertical","~"
"J3","1","+12V","","","","Connector_JST:JST_XH_B2B-XH-A_1x02_P2.50mm_Vertical","~"
"J4","1","Band","","","","Connector_JST:JST_XH_B4B-XH-A_1x04_P2.50mm_Vertical","~"
"J5","1","Att.","","","","Connector_JST:JST_XH_B2B-XH-A_1x02_P2.50mm_Vertical","~"
"J6","1","PBF VFO","","","","Connector_JST:JST_XH_B4B-XH-A_1x04_P2.50mm_Vertical","~"
"K1,K2,K3,K4,K5,K6,K7","7","G6K-2","","","","Relay_THT:Relay_DPDT_Omron_G6K-2P-Y","http://omronfs.omron.com/en_US/ecb/products/pdf/en-g6k.pdf"
"L1,L4","2","10uH","","","","Inductor_THT:L_Axial_L7.0mm_D3.3mm_P10.16mm_Horizontal_Fastron_MICC","~"
"L2,L3","2","15uH","","","","Inductor_THT:L_Axial_L7.0mm_D3.3mm_P10.16mm_Horizontal_Fastron_MICC","~"
"L5,L6,L7","3","4.7uH","","","","Inductor_THT:L_Axial_L7.0mm_D3.3mm_P10.16mm_Horizontal_Fastron_MICC","~"
"L8,L9","2","1.5uH","","","","Inductor_THT:L_Axial_L7.0mm_D3.3mm_P10.16mm_Horizontal_Fastron_MICC","~"
"L10","1","2.2uH","","","","Inductor_THT:L_Axial_L7.0mm_D3.3mm_P10.16mm_Horizontal_Fastron_MICC","~"
"L11,L12","2","820nH","","","","Inductor_THT:L_Axial_L7.0mm_D3.3mm_P10.16mm_Horizontal_Fastron_MICC","~"
"L13","1","1.2u","","","","Inductor_THT:L_Axial_L7.0mm_D3.3mm_P10.16mm_Horizontal_Fastron_MICC","~"
"L14,L15","2","330nH","","","","Inductor_THT:L_Axial_L7.0mm_D3.3mm_P10.16mm_Horizontal_Fastron_MICC","~"
"L16","1","470nH","","","","Inductor_THT:L_Axial_L7.0mm_D3.3mm_P10.16mm_Horizontal_Fastron_MICC","~"
"L17,L18","2","220nH","","","","Inductor_THT:L_Axial_L7.0mm_D3.3mm_P10.16mm_Horizontal_Fastron_MICC","~"
"Q1","1","BC547","","","","Package_TO_SOT_THT:TO-92_Inline_Wide","https://www.onsemi.com/pub/Collateral/BC550-D.pdf"
"R1","1","10k","","","","Resistor_THT:R_Axial_DIN0207_L6.3mm_D2.5mm_P10.16mm_Horizontal","~"
"R2,R4","2","56","","","","Resistor_THT:R_Axial_DIN0207_L6.3mm_D2.5mm_P10.16mm_Horizontal","~"
"R3","1","270","","","","Resistor_THT:R_Axial_DIN0207_L6.3mm_D2.5mm_P10.16mm_Horizontal","~"
"R5","1","1K","","","","Resistor_THT:R_Axial_DIN0207_L6.3mm_D2.5mm_P10.16mm_Horizontal","~"
"U1","1","ULN2003","","","","Package_DIP:DIP-16_W7.62mm","http://www.ti.com/lit/ds/symlink/uln2003a.pdf"
"U2","1","4028","","","","Package_DIP:DIP-16_W7.62mm","http://www.intersil.com/content/dam/Intersil/documents/cd40/cd4028bms.pdf"
"U3","1","LM1117T-3.3","","","","Package_TO_SOT_THT:TO-220-3_Vertical","http://www.ti.com/lit/ds/symlink/lm1117.pdf"
"U4","1","LM7805_TO220","","","","Package_TO_SOT_THT:TO-220-3_Vertical","https://www.onsemi.cn/PowerSolutions/document/MC7800-D.PDF"
